{
    "board_pick_relative_position": [
        -0.02317488758673566,
        -0.001445996740588651,
        -0.002938969717131368,
        -0.807883701383485,
        0.9074173462566932,
        -1.6546420789300385
    ],
    "board_pose_interval": [
        0.04,
        0.0865,
        -0.06,
        0,
        0,
        0
    ],
    "board_seed_pose": [
        -0.0643986515382622,
        -0.6817962186770327,
        0.3876753487141318,
        -3.8567053512595018,
        123.90735895942366,
        174.13236952116716
    ],
    "eye_detection_poses": [
        [
            0.1377784443182291,
            -0.6066563599479239,
            0.3,
            180,
            0,
            0
        ],
        [
            0.1377784443182291,
            -0.4566563599479239,
            0.3,
            180,
            0,
            0
        ],
        [
            0.1377784443182291,
            -0.4066563599479239,
            0.3,
            180,
            0,
            90
        ],
        [
            -0.02,
            -0.4266563599479239,
            0.3,
            180,
            0,
            180
        ]
    ],
    "indyhand_tool_position_on_board": {
        "pm": [
            0.0075,
            0,
            -0.015,
            0,
            0,
            0
        ],
        "weather": [
            0,
            0,
            0,
            0,
            0,
            0
        ]
    },
    "indyhand_tool_position_on_view": {
        "pm": [
            [
                0.003,
                0.002,
                0.26,
                0,
                0,
                0
            ],
            [
                0.003,
                0.002,
                0.26,
                0,
                0,
                0
            ],
            [
                -0.012,
                0.015,
                0.262,
                0,
                0,
                0
            ],
            [
                -0.004,
                -0.003,
                0.26,
                0,
                0,
                0
            ]
        ],
        "weather": [
            [
                -0.0075,
                0.01,
                0.26,
                0,
                0,
                0
            ],
            [
                -0.0075,
                0.01,
                0.26,
                0,
                0,
                0
            ],
            [
                -0.001,
                0,
                0.26,
                0,
                0,
                0
            ],
            [
                -0.002,
                0.008,
                0.26,
                0,
                0,
                0
            ]
        ]
    },
    "sheet_detect_position": [
        0.034388213298821274,
        -0.6944674158331865,
        0.2953817714627517,
        179.90021031715284,
        0.14944250775152287,
        90.01005043355275
    ],
    "sheet_related_distance": [
        -0.09501066601142114,
        0.07760146831674664,
        0.3705874072626627,
        -4.252505004283535,
        123.76854037781735,
        264.5779095790371
    ]
}